x,y,speed
1.3296255496736533,4.8742320962380035,7.674066108073384
1.4296159032603406,4.873686592179309,7.726009666303876
1.5296072246589163,4.873364055820675,7.7776063217771565
1.6295990442969508,4.873297801092608,7.828862933354637
1.7295906458246082,4.873516907140587,7.879786136814427
1.8295810873809921,4.874046038561881,7.9303823548791454
1.9295692404088711,4.874904895856399,7.980657806671532
2.0295538474487604,4.87610769920268,8.0
2.129533602586417,4.877662351093417,8.0
2.229507252030738,4.879569651779696,7.996754852625994
2.329473666709706,4.881824494302296,7.9267650846653845
2.42943182193365,4.884419794350552,7.855738862802964
2.5293807234337864,4.887349891025104,7.78371372495084
2.629319389384384,4.8906104776340715,7.7107182280222455
2.729246957179123,4.894195107485098,7.636682018116228
2.82916286017286,4.898091349956262,7.56144639640154
2.9290669027778287,4.902280699309934,7.484879407520067
3.028959247551876,4.906740276994477,7.406917597656474
3.1288404445915567,4.911442920568536,7.327524194412498
3.2287114035372686,4.916358196672717,7.246701982160642
3.328573304682567,4.921454183407807,7.164491218118348
3.4284276906857474,4.926695364413627,7.080914700196689
3.5282766432588377,4.932039057305735,6.99598996292695
3.6281228070967138,4.93743460654105,6.909779369217174
3.7279692145211234,4.942825646283491,6.8224010863275755
3.8278188409115526,4.948156733808622,6.733985228083001
3.9276742165105687,4.95337902709001,6.644601619191832
4.0275374780784325,4.958448284442403,6.5542721781598505
4.127410619689794,4.963319009516022,6.463033332591846
4.227295699461833,4.967938448043198,6.370984984222096
4.327194880860305,4.97224215826348,6.278319965396426
4.427110079190701,4.9761564266132305,6.185258046703908
4.527042374355167,4.979606748596859,6.091905446306853
4.626991647972382,4.982524114486987,5.99821399210982
4.7269564983881756,4.9848472550671215,5.904024881263812
4.826934435393842,4.986514705605607,5.8093152161603925
4.926921883603059,4.987451963355742,5.714382630060572
5.026913659055583,4.9875662196388655,5.619733797773322
5.126902169301332,4.986750145789386,5.5258728106907835
5.226876756250796,4.984892715091319,5.433031658850291
5.326823620630503,4.9818939986852975,5.340892076216747
5.42672638018855,4.9776742180505185,5.248667952755972
5.526566251673727,4.9721635102017245,5.155851990238708
5.626320964615455,4.965281286376052,5.062707300874295
5.725962634385396,4.956920347624672,4.970182750917724
5.825455556705787,4.946944081267213,4.879525209697527
5.924755905976138,4.9352049218806515,4.791389222115446
6.023812746524486,4.921562736210884,4.70560904659968
6.122569543320931,4.905895522323337,4.621341302130981
6.220964318528044,4.88809568118344,4.537767184758288
6.31892659922587,4.868051795323045,4.455012252312453
6.416370840664468,4.845624462308269,4.374751116030475
6.513194176188492,4.820652343125636,4.2987699088927
6.609277808068383,4.79297021605725,4.228242210359673
6.704492648895169,4.762433388220465,4.162838438091106
6.798704704951567,4.728930380267695,4.1009062249363675
6.891776550659426,4.692379128026591,4.040569720848418
6.983563111359356,4.652710633092019,3.9811216457389604
7.073901622275071,4.609846715061159,3.9241427520040397
7.16260433735552,4.563692734181344,3.872995781777455
7.249467725323257,4.514163827238244,3.8299516460976823
7.334283785154409,4.461205394230082,3.7961352515634683
7.416859388287202,4.4048172000623955,3.7679554160600284
7.497018570345169,4.34504376088278,3.7397750343506635
7.57459183210867,4.281950588995576,3.7085614477293194
7.649398097004416,4.215600131070602,3.676098881804807
7.721235832860267,4.146046546839438,3.6466990077274533
7.789892695327768,4.073351318449594,3.624691991699382
7.85516930151475,3.9976061934384504,3.6120846843330137
7.916894855739378,3.9189403630318433,3.6111712970205487
7.974936897141227,3.837518765775477,3.6111712970205487
8.029183921738179,3.75352105887885,3.599682131844197
8.079516031708327,3.6671206335298083,3.5788046684056045
8.125786134700233,3.5784784722036607,3.555722043795891
8.167826599271072,3.487753867082999,3.5366081498583752
8.205476796312551,3.3951211764055653,3.526028698146061
8.238614449496229,3.3007800612999283,3.526028698146061
8.267167157082797,3.2049516169009507,3.533736409079571
8.291098974165822,3.1078660094136548,3.546511372810843
8.310377117903002,3.0097502579779523,3.540294788862857
8.324949616010045,2.9108260917801925,3.528420022508572
8.334746968301552,2.8113154871722204,3.5188878768984706
8.339713418021251,2.711447164168001,3.5162239961604187
8.339829373246681,2.6114555029668276,3.5162239961604187
8.335130195435193,2.511574263818362,3.536812641323808
8.325691838614967,2.412028991979049,3.559834405472148
8.311600738789238,2.313035127684377,3.5838418474225118
8.292927353500009,2.2148024971835936,3.5955072714745673
8.269716514903674,2.1175420119596846,3.5951116571309787
8.242017219843563,2.0214634346517952,3.5951116571309787
8.209907132137237,1.9267676876401474,3.6101564950910814
8.173498749691353,1.8336399779146357,3.628242088995345
8.132932581035057,1.7422467296441093,3.6530711184220084
8.088346470607211,1.6527457879998328,3.6779620862441993
8.03985297129214,1.5653002609816982,3.67499181774415
7.987534843644267,1.4800878662097154,3.662474774176065
7.931462914245501,1.3972973150712873,3.6546960628792626
7.871729775619346,1.317108249498343,3.6546960628792626
7.80845699830672,1.239681589718599,3.6587380183847698
7.741793846446923,1.1651540415651727,3.674386654160107
7.671900241152522,1.093647287250709,3.6893718661037327
7.598924407549058,1.0252889589581202,3.685379253251498
7.523002894964888,0.9602177794611965,3.679390458826889
7.444272928477752,0.8985742297075471,3.679390458826889
7.362889913575576,0.8404782786156011,3.683408603613214
7.279037629608864,0.7860069180547943,3.704044321373651
7.192917804713305,0.7351963760805177,3.7320315823040184
7.104741861047986,0.6880440669373342,3.768065393982532
7.014710549289499,0.6445388653195482,3.8075273811188604
6.923010093967054,0.6046719820769493,3.8472544133879896
6.829816426310226,0.5684327232159745,3.886247921506491
6.735300630315182,0.5357967152140696,3.925796325747957
6.639634596120103,0.5067045230458196,3.969787064623243
6.542987389925473,0.48105955166961506,4.020379637385724
6.445517974139855,0.4587422584769503,4.07720091566268
6.347370308409101,0.4396271865359415,4.138693565858168
6.248670431633528,0.423605763027512,4.202200840732747
6.149530672397056,0.41058036622772076,4.2664286649244465
6.050053161075349,0.40045226142413304,4.3313901178777785
5.9503309401956965,0.3931151436578093,4.397642967647951
5.850447930651986,0.38845253130759894,4.465861937748667
5.75047841643559,0.3863423755430714,4.536278927567117
5.650487148904123,0.3866647566872122,4.608588310876325
5.550530492688733,0.38931527187089204,4.681701214295088
5.450658377206707,0.39420603602151705,4.754646595481609
5.35091517162304,0.4012524944611928,4.827419351297403
5.251339331061267,0.4103636004056347,4.900651472100965
5.151962492159525,0.42143630932903925,4.97524649266886
5.052809816435712,0.4343633595748411,5.051499108211465
4.953901099645323,0.4490408310370715,5.129220162696915
4.855251859242738,0.46537148962236463,5.206614446683196
4.756874147390597,0.4832653260880721,5.28287502565043
4.658776101386881,0.5026337909024965,5.358050307371619
4.560960867883649,0.5233833605224897,5.432185349878853
4.463426656936166,0.5454161253098349,5.505322177124423
4.366167411512253,0.568632599583719,5.57750005748021
4.269173421745312,0.59293346148923,5.648755750263218
4.172432439551849,0.6182227616483079,5.719123724574804
4.07593056324635,0.644409677363849,5.788636354249024
3.979651780931579,0.671405289437723,5.857324092013078
3.883577355133862,0.6991194011364088,5.925215625392477
3.787686074590882,0.7274607111247724,5.9923380166819005
3.691954864939264,0.7563380942909608,6.058716828991292
3.5963597584474796,0.785662888596725,6.124376240000978
3.5008765187006183,0.8153499063460993,6.18933914487173
3.4054807416889523,0.8453167870548179,6.25362724952658
3.31014832068727,0.8754846143024381,6.317261155370582
3.2148560414953367,0.9057790011678476,6.380260436413026
3.1195815897657395,0.9361294085068524,6.4426437096052185
3.0243037305193012,0.9664691171774823,6.50442869909767
2.9290032449853096,0.9967376789289426,6.565632295059148
2.8336622408221395,1.0268783702426476,6.626270607601952
2.7382612647961677,1.0568286970422245,6.68635901628018
2.6427785117129425,1.0865172822491014,6.6563142459528475
2.5471932489878415,1.1158741499639275,6.568617602840308
2.4514882433487863,1.144838264410993,6.48076781433625
2.3556469989905118,1.1733483291203817,6.392844637463791
2.259650365834057,1.2013307193877112,6.305235791882751
2.163478117164043,1.2287034450902086,6.218304649697724
2.067113074088477,1.2553895045448409,6.1320239888354315
1.9705423402734579,1.2813213468020699,6.04613440548637
1.8737537620531264,1.3064278786476176,5.9607823038185925
1.7767326697847545,1.3306203179045464,5.876709371088826
1.6794653264306076,1.3538028535435256,5.794340062484243
1.5819441518855883,1.375893262417577,5.713154017766
1.48416583161056,1.396816105069015,5.632830764368659
1.3861276682753303,1.4164854546968417,5.553894877960254
1.2878284725219733,1.434805725786779,5.476915516771474
1.189270849805391,1.451680518124834,5.402036393858609
1.0904634870492922,1.4670254887222178,5.328587945195584
0.9914206946456303,1.4807691363247872,5.255720681879422
0.8921594654954825,1.4928343935323665,5.18369885466479
0.7927002364082768,1.5031408583446328,5.112667902780765
0.6930685379863956,1.511619397126445,5.041771172361565
0.5932936448107224,1.518202032700549,4.970776389429328
0.4934077803300386,1.5228035228276724,4.900731275777759
0.39344776894319256,1.5253243882951344,4.8326201301861245
0.2934565322454489,1.5256560765133176,4.767250152233342
0.19348392250771945,1.5236981371605474,4.704216752994924
0.09358494942955443,1.5193910885842148,4.640226514370875
-0.006182582686407992,1.5126982046282216,4.573250578487699
-0.10575776714241349,1.5035802219422914,4.503212572775171
-0.20507486120266882,1.491984122723979,4.430804691577054
-0.3040616103450975,1.477842778436393,4.35670148589998
-0.4026411508951936,1.4610968097438561,4.280068863954955
-0.5007299255445905,1.4416817596088032,4.200884984995718
-0.5982342072956067,1.4195172652956791,4.11978699700619
-0.6950466214061469,1.3945032018985766,4.0376642740803295
-0.7910477986304935,1.3665368373041424,3.9543825984449796
-0.8860968451769529,1.3354881942602672,3.8714020929396726
-0.9800180995968117,1.3011788351346274,3.7920331392822884
-1.0726100720785476,1.2634289322348453,3.7173669891435672
-1.1636436646516128,1.2220621833661016,3.6488359092757863
-1.2528745306761657,1.1769382348926833,3.5857674162755844
-1.3400386787284948,1.1279410358740203,3.528667996429852
-1.424850653810278,1.0749765235165147,3.4791716603050076
-1.5070222668789575,1.0180016705460706,3.4361922249727233
-1.5862508270676021,0.9570005239755208,3.402696486415283
-1.6622400124806953,0.8920086362077924,3.3804293690988603
-1.7347336030122542,0.8231393369996303,3.361683751752553
-1.8034719270456208,0.7505215432257857,3.356270170425373
-1.868246521857998,0.6743470327242292,3.3562701730890256
-1.928877306981828,0.5948346643611642,3.361281635819003
-1.9852019066744389,0.5122159417568695,3.361281638478686
-2.0371110072577263,0.4267538773774356,3.3874660119158433
-2.0845303843317557,0.33872134716486013,3.4128618157693267
-2.127453188899135,0.24841098827268115,3.4487776328655046
-2.165946013456117,0.15612537068172216,3.4961496948532296
-2.2001064565089345,0.06214983486037855,3.5505929961620373
-2.230140375580534,-0.03322472239473222,3.6178752040910727
-2.256266795647536,-0.12974289252348098,3.693240985909274
-2.278704837590819,-0.22718459135397556,3.7740026157575723
-2.297686117169827,-0.32535823226913774,3.859553929844037
-2.313387849350874,-0.4241094814058704,3.9460051922997312
-2.325996308820365,-0.5233031343470773,4.033963538681228
-2.3357287587548274,-0.622820138961458,4.125058332905079
-2.342781254107252,-0.7225628979733236,4.218047277994131
-2.3473575219597054,-0.8224499079490428,4.311827584246367
-2.3496033299528714,-0.9224164744137764,4.403611181308279
-2.3496068220729667,-1.0224082678637865,4.49352042214467
-2.347436121881583,-1.1223764995618186,4.5816656526928226
-2.3431242624947526,-1.2222752847632548,4.667529362160994
-2.3366983370393744,-1.3220603883997708,4.749009093153646
-2.3282325242253537,-1.421693163441858,4.829087782638578
-2.3178483903978675,-1.5211443097289956,4.910706987174732
-2.3056622778775084,-1.6203907720179513,4.955569492999502
-2.2917525645332875,-1.7194103765544881,4.869775206879907
-2.2761436709699323,-1.8181763869211822,4.778490850633465
-2.2588439208999653,-1.9166602990736399,4.682380395093934
-2.23987907765218,-2.014837164986395,4.5806231670398585
-2.2192570774486313,-2.1126793602049894,4.473751486391055
-2.1969381046070033,-2.2101484570908045,4.36310904629928
-2.1728312668008765,-2.3071908217810555,4.249950132583993
-2.14676246009466,-2.4037246250962445,4.136604186479575
-2.118490133039296,-2.499636197573389,4.025276441050486
-2.087758982285046,-2.5947884225192936,3.9166536301788666
-2.054284085684652,-2.68901036686068,3.8123777094958347
-2.017789771938067,-2.7821044158933494,3.712776801453996
-1.9780148513580023,-2.8738447346492864,3.6180436676321475
-1.9346895777495876,-2.963962681689241,3.530097044826488
-1.8875577155843708,-3.0521494406525806,3.450617337879843
-1.8363832003934368,-3.1380533299094693,3.382407837275222
-1.7809690628437351,-3.221285378253596,3.3297941317485305
-1.7212408574163036,-3.3014778697003164,3.2898142250850118
-1.6572125259203023,-3.378280630058931,3.2613504370833795
-1.5889858367376077,-3.4513792783596866,3.2390714704309476
-1.516711330168265,-3.5204784526911843,3.220876794709951
-1.4405713216511804,-3.5852936381126477,3.208597877108346
-1.3607869928441523,-3.6455661752087094,3.2023712687772474
-1.2776146089200149,-3.7010700345413907,3.2023712687772474
-1.191350152735191,-3.751634550299003,3.2186979084595375
-1.1023340535322823,-3.7971808146208756,3.246927135764234
-1.0109153941892335,-3.83768956070864,3.282748475602048
-0.9174605294476659,-3.873249684597155,3.3327382171226168
-0.8223167970527216,-3.9040069728973257,3.3923076837118953
-0.7257951744401901,-3.930120637450092,3.4570678775571126
-0.6281722973615886,-3.9517568506081178,3.5249873812530295
-0.5296913615601009,-3.969073286252688,3.5940416077636286
-0.4305688467906234,-3.9822292728779742,3.663869961825303
-0.3309997238432376,-3.991412996975437,3.7363686671493035
-0.23115337012045128,-3.996803226144858,3.8103511215574417
-0.1311770636961725,-3.998559757839774,3.8844205965875163
-0.031201098666145316,-3.996784296861835,3.954698038065601
0.0686521577610207,-3.9915238910461537,4.017397856918251
0.16826447563476546,-3.982821565475072,4.072560415760148
0.2675220887541152,-3.9707273053433854,4.12133616113087
0.36631601846351713,-3.9552966326491537,4.16486934170664
0.4645465330332223,-3.9366120315171176,4.207436591616273
0.5621274217668124,-3.9147872543831164,4.253302932763018
0.6589800452880736,-3.8899292202492464,4.300887445153103
0.755032382938326,-3.8621388987146203,4.349261042381985
0.8502224003275348,-3.8315249379150544,4.399344573378035
0.9445058379560476,-3.7982234682290845,4.454007429904613
1.0378662499527669,-3.76241580099625,4.516739471827495
1.1303085701988629,-3.7243005215796883,4.587308181539211
1.2218421296719613,-3.684051719007795,4.662754753539025
1.3124687645428974,-3.641800413337493,4.73988176631524
1.4021775866576154,-3.59763382309969,4.815988670984873
1.490959289753173,-3.5516319738862108,4.890979904417048
1.5788283329818882,-3.503909936632057,4.967670717088009
1.66581964434122,-3.4546060406045007,5.047542654337087
1.7519777590798258,-3.4038601784774936,5.126170244442346
1.8373549401979172,-3.3518111530568966,5.203609894721733
1.9220066738081045,-3.298590397032262,5.279913875128441
2.005982273233231,-3.2443090542174198,5.355130730912703
2.089330603188625,-3.1890693775963728,5.429305644525589
2.1721113218419505,-3.132982667072518,5.5024807530908015
2.254393319296927,-3.0761668255756716,5.574695427866411
2.33626406600227,-3.0187599595909402,5.645986522118197
2.4178158561263103,-2.9609008778055843,5.716388590532951
2.4991277039902173,-2.902705075004905,5.785934085173993
2.5802718667557403,-2.8442756895947663,5.854653530699173
2.66132434803079,-2.785719190227927,5.922575680852327
2.7423626921590865,-2.7271431271566273,5.989727658927455
2.8234728768755324,-2.6686665823579863,6.056135084334813
2.9047310214910977,-2.6103958161372276,6.121822186860786
2.9862058799629723,-2.5524284498393115,6.186811909992001
3.0679589012062376,-2.4948540505223424,6.216562056591206
3.150047433169797,-2.437759036338444,6.126520183591402
3.2325268663347897,-2.381230189053132,6.037483691909709
3.3154522866188154,-2.325357639095301,5.949788496914168
3.398879148496714,-2.2702366310921036,5.863857894129875
3.482861301853073,-2.215965420445053,5.7800479449697635
3.5674422911379873,-2.162632295399495,5.698009907967613
3.652662607793061,-2.110326816226979,5.617887261321239
3.73855193276231,-2.0591273146527294,5.5390340844465165
3.8251362385432945,-2.009112090317601,5.461380068626074
3.912435815905297,-1.9603560850867,5.384608264558664
4.000468292733241,-1.912936185897229,5.308708304666346
4.089253831371435,-1.8669417144676708,5.234389742470202
4.178810022988302,-1.8224664269020703,5.161879688930689
4.269147179530133,-1.7795996544256147,5.090761471620191
4.360272000840679,-1.7384337914303645,5.021134868856782
4.4521827166883705,-1.6990538349986384,4.952275918665362
4.544876580106674,-1.6615544009795418,4.884750785648658
4.6383517107325885,-1.6260472347453883,4.819851258182656
4.7325992797072285,-1.5926443359633693,4.75764809556027
4.827603541402616,-1.5614586479511912,4.698318979116093
4.923341860810977,-1.5326050517795504,4.642226244583622
5.019782522814009,-1.5061938132157666,4.589177710017017
5.11688330948911,-1.4823235139739537,4.538168037309441
5.214594260141021,-1.461088559755474,4.488863575573921
5.3128590388528325,-1.4425848966180217,4.4415955310525295
5.41161518176933,-1.4269140491394843,4.3973850871439115
5.510792508458442,-1.4141779642696783,4.357029908811482
5.610311029294041,-1.404461338214872,4.319063567800512
5.7100829186213184,-1.397834282657596,4.281941666485785
5.810014310309999,-1.3943609856378876,4.245105295159468
5.91000571074086,-1.3941044185409106,4.2086579545217795
6.009951509548286,-1.3971346555307604,4.174183294266406
6.1097389357764245,-1.4035232020500379,4.143083389281928
6.209248720037911,-1.413328594909209,4.114816401707648
6.308356125897521,-1.4265975025695432,4.0888573850803756
6.406931192760798,-1.4433694096267318,4.065633838527974
6.504840181731328,-1.463671368425741,4.0445743459621095
6.601946706128775,-1.4875179976315585,4.024724217162221
6.698111724138546,-1.5149155773184193,4.005805703389441
6.793193525197024,-1.5458637349447093,3.9880057071323582
6.8870468551236925,-1.5803585034451053,3.9730483582343163
6.979524889792862,-1.6183867686999054,3.9628169379601723
7.070484511139501,-1.6599160668563921,3.955935307953752
7.159787017226333,-1.7048982560547423,3.949523027214308
7.247295087036528,-1.7532787507281895,3.943674065196114
7.332872665821503,-1.8049973368389272,3.940001015487084
7.416387906977131,-1.8599840472142342,3.940001015487084
7.4977169286243175,-1.9181555518689106,3.9442062112981398
7.576745403062432,-1.979415931227841,3.951747535625677
7.653366141039599,-2.0436623057445775,3.9600041303731643
7.727479035234712,-2.110786171988817,3.9701015266047897
7.798995919344842,-2.1806694344128887,3.9845312583196995
7.867843292387373,-2.25318408878635,4.003466994813776
7.93396074090482,-2.3281962198176833,4.026027936145984
7.9972997621793205,-2.4055687354339073,4.051624854986861
8.057824453373739,-2.4851620805001127,4.080243627848203
8.115512841887394,-2.566834534536747,4.112167638484971
8.170356890305095,-2.65044357370441,4.147512236645319
8.22236141176325,-2.73584774247709,4.186168812147287
8.271543219619728,-2.822908028177023,4.228004412593203
8.317931385882664,-2.9114884037556146,4.273047965865454
8.361565100511578,-3.0014575385100857,4.321106334375682
8.40248815292364,-3.0926915854247423,4.371480278766552
8.440751847931487,-3.185072527308939,4.424118338719581
8.476424789679943,-3.278484471780486,4.4800628738759976
8.509582616493017,-3.37281850594281,4.539071205406227
8.540291902176687,-3.4679778058426227,4.599596816639143
8.568625176242339,-3.5638713888012834,4.661840897681071
8.594674684308405,-3.6604103863522908,4.7271099579742994
8.618530314166502,-3.7575147888475207,4.794718641276963
8.640284023085828,-3.8551115782552263,4.864502299871995
8.660045670975466,-3.953131145872685,4.937413019065126
8.677896197227973,-4.051516703343312,5.011245803976386
8.693918271014864,-4.150216516693506,5.086105057639833
8.708210288722514,-4.249181657569717,5.162908575748198
8.720850984944152,-4.34837124537834,5.23980528455724
8.731951846764364,-4.447744950561364,5.315589705196426
8.741613874266609,-4.547268859236426,5.390308751662325
8.74993853962781,-4.646913547182942,5.464006130225676
8.75702851041944,-4.746653693934886,5.5367226380654015
8.762951906086224,-4.846469916847305,5.608496426592554
8.76780626383156,-4.946343841008938,5.679363237643127
8.77171081496923,-5.046259408344889,5.749356609834573
8.774735870150666,-5.1462054711745,5.818508063218559
8.777022070481774,-5.246171166766387,5.886847268220695
8.778724464695062,-5.346148511096085,5.954402191463331
8.779882479753432,-5.446133643181172,6.021199229432323
8.780564780037698,-5.546123154032528,6.087263331778165
8.780857098828449,-5.646114566420081,6.152618108399764
8.780824548960537,-5.74610640138434,6.2172859279516794
8.780538657146613,-5.846097833463463,6.28128800773994
8.78011258209188,-5.9460887670311235,6.344644494921873
8.779529481165225,-6.046078908125631,6.407374540105444
8.778771918080427,-6.146067879549006,6.4694963657810405
8.77785149949545,-6.246055484518975,6.531027327833775
8.7767764216537,-6.346041546208087,6.591983972009306
8.775591900203322,-6.446026371374911,6.652382086046574
8.774388371325474,-6.54601096970091,6.7122367472741775
8.77313063264836,-6.645994900764671,6.7715623665367755
8.771770928011748,-6.745977497058695,6.83037272889045
8.770336716030505,-6.845959052391859,6.888681031064057
8.768817933581436,-6.945939358785249,6.946499915766577
8.76722526062247,-7.045918515432155,7.003841503912112
8.765558374452878,-7.145896462306949,7.060717424178048
8.763813290150265,-7.24587307482185,7.117138840587288
8.76202303295159,-7.345848888691682,7.036355147273527
8.76018934956197,-7.445823915500229,6.9506231948726915
8.75828334659156,-7.545797589655042,6.863912741898191
8.756316500941978,-7.645770085340323,6.776043619403368
8.75427256885587,-7.745741034675716,6.687073807452096
8.752171021953592,-7.84571078948651,6.596829657983244
8.750032702256897,-7.9456797645256145,6.505281441137749
8.747822153864975,-8.045647168447948,6.412514625270812
8.745514684025501,-8.145612382112152,6.318472437716316
8.743114148146299,-8.245575404222354,6.222981335773571
8.74062693757771,-8.345536307322089,6.125967300643725
8.738052222454845,-8.445494994821019,6.027385292532815
8.735364382398016,-8.545450704344498,5.927249981437931
8.732526291592897,-8.645402260433055,5.825551304696107
8.729518952230459,-8.745348867265454,5.722120513907251
8.726331588811888,-8.845289894933563,5.616811633660433
8.722981794223752,-8.945225610217909,5.509361244404093
8.719517164464714,-9.045157410410537,5.399554490012627
8.715973569034064,-9.145086441725043,5.287359607691128
8.712384935670082,-9.245013865839256,5.172671859867039
8.70868112674931,-9.344937087103661,5.0555136661247895
8.70476714405772,-9.444852296165505,4.935903498691294
8.700631265307686,-9.544758566013533,4.813328503380322
8.696177042798148,-9.644651148334718,4.688000533486697
8.691338776988633,-9.744525865619751,4.559540342122216
8.685967718834839,-9.844373345864678,4.4283395012291775
8.679740246534637,-9.944171065630371,4.296327944547812
8.67241942429551,-10.043894535823908,4.162787723868204
8.66383448792599,-10.143517137010457,4.026450441036347
8.653750007410764,-10.242999121901379,3.8879679044390545
8.641729043834502,-10.342265706656297,3.7511283743233825
8.627389720434692,-10.441223975425281,3.6149302500942437
8.610334245396997,-10.539750432520602,3.4795092268492684
8.589887134068055,-10.637629240815434,3.3535655465678955
8.565407671544556,-10.734578162971864,3.238714968052266
8.536280244928117,-10.830233370748191,3.1376659717224604
8.501932665498753,-10.924140518515463,3.0545906679452735
8.462142995315597,-11.015874256034603,2.9726843196047987
8.416777652824985,-11.104982477336101,2.886814607248962
8.365517732364188,-11.190835262952966,2.8123982287895926
8.308189185106496,-11.272760304927536,2.7470828626006925
8.24471911625859,-11.35002489778706,2.6933241234313705
8.175166455451258,-11.421862775037905,2.655507841197539
8.099809904863363,-11.487586662443183,2.625003720087548
8.019049134498287,-11.546543640906197,2.601470408878
7.933390332449185,-11.59812649012243,2.589681752002059
7.843465711411849,-11.641850435128436,2.5836705659283643
7.7499787023319575,-11.67732439496382,2.5813984161414876
7.6536800034449,-11.704246178694037,2.5813984161414876
7.555358852275975,-11.72244421743919,2.604188016482054
7.455814171257539,-11.731881650339034,2.604188019914946
7.355826277843015,-11.732669187876205,2.650567485960963
7.256127944145585,-11.725024962896986,2.685227641162565
7.157387646595867,-11.709259687124094,2.7260756801885395
7.06018989907363,-11.685790663252417,2.776142971639067
6.965039294835869,-11.655056772688662,2.7820622200870346
6.872534681111538,-11.61709490457435,2.7566269154208007
6.783304626840591,-11.571970579725459,2.7415479892337817
6.697956817654751,-11.51987484047932,2.7367076456743265
6.617051690156125,-11.461116104711413,2.732587160934802
6.541124870215272,-11.396051811199063,2.732587160934802
6.4706256621837515,-11.325142565699554,2.758694289292814
6.405905482201129,-11.24892204104547,2.778675311546148
6.347242878816028,-11.167946898214616,2.8072282092741037
6.294789365015555,-11.082818126559784,2.8480305884591934
6.248564310520019,-10.994152855607162,2.900058575734021
6.208434865389408,-10.90256723852056,2.9654133775419678
6.174188089567408,-10.808623270066981,3.0393480526221026
6.145602884444827,-10.712804649873277,3.1164893003677063
6.122361632447726,-10.6155515000468,3.2008968911291964
6.104094248369387,-10.517242599722502,3.2925208883850985
6.090383005779491,-10.418195420842629,3.3915522585120916
6.08076265512065,-10.31866756059964,3.4983730810781086
6.074767713115201,-10.218855683119948,3.6108929948582955
6.071897415754809,-10.11890511567068,3.720011075147984
6.0716183333411085,-10.01891371165666,3.8260183934577894
6.073834076398469,-9.918946467426563,3.9291667210537016
6.078427583957982,-9.81906023252974,4.029675610826429
6.085277877171949,-9.719303355541054,4.127737875247047
6.094252853021797,-9.619715145083466,4.223523936029163
6.105214488977363,-9.520325984661618,4.317185303229119
6.1180425316243525,-9.421160443011216,4.408857388586913
6.132622618912498,-9.3222373165338,4.498661803927501
6.1488582926490745,-9.223572392525446,4.586708252842206
6.166652125913731,-9.125176537718037,4.673096102568164
6.185909258377282,-9.027056570403209,4.757915697721854
6.2065218117889485,-8.92921236660107,4.841249467543417
6.228364796292479,-8.831635473387962,4.923172863790707
6.251318792917993,-8.73431394172861,5.003755160229251
6.275283461136441,-8.637236336261736,5.0830601386461485
6.3001699090419505,-8.540390934869148,5.16114668003502
6.325880453825793,-8.443761047151067,5.238069276241987
6.352303361058265,-8.347323515311098,5.313878474617693
6.379322587844068,-8.25105135321891,5.388621266403984
6.406822655322799,-8.15491543747336,5.462341427481486
6.434697941247918,-8.058887646766431,5.535079818200978
6.462853121616013,-7.962941546929936,5.606874648269636
6.491196451979619,-7.867050859425565,5.6777617114310655
6.519636129565143,-7.771188702614911,5.7477745940418155
6.548072848139285,-7.675325667915459,5.816944861063435
6.576402239141837,-7.579430861116839,5.885302222368081
6.60453248860052,-7.483477448550984,5.952874681920803
6.632379910213389,-7.387441573179987,6.0196886718451825
6.659845290710924,-7.291295741185048,5.945014428871939
6.6868162849624255,-7.195010054625705,5.848041193200045
6.713197680180632,-7.0985611573990335,5.7510889643054695
6.7389181606663895,-7.0019339121725235,5.653659511730033
6.763897633840031,-6.905112461227045,5.555939254644381
6.788042044987185,-6.808079401921582,5.4582856950441485
6.811236441483826,-6.710814882157774,5.3613389379093315
6.8333593620412785,-6.613301073928859,5.265384798017053
6.854348653133275,-6.515536991408609,5.168335698737593
6.874128436331422,-6.417521043521116,5.070469718441741
6.8925763139869565,-6.319245710214104,4.973279991510047
6.909576618468075,-6.220709653762702,4.876415161088032
6.925012871554116,-6.121916504939444,4.7797414142448265
6.938791638249937,-6.022878586909455,4.682095907189278
6.9507831580085995,-5.923608418965836,4.5846595758035225
6.960813387522702,-5.824120952155754,4.489120216011962
6.96876196298949,-5.724445575371484,4.392926542226465
6.974464619758525,-5.62461652685635,4.2977106075922675
6.977802475423966,-5.524680462689061,4.201043353566889
6.978699566485541,-5.424692699170097,4.100470087132815
6.9770157575060106,-5.324715095164311,3.9981712514829253
6.9724115498604755,-5.224829387821104,3.902867198269288
6.964824644769186,-5.125125870444413,3.8014202019737526
6.953900831269319,-5.025732619647313,3.707108881868225
6.93937497067319,-4.926801618949255,3.616193806479577
6.921022464172993,-4.828508566363312,3.5265340762558703
6.898597367025328,-4.73106397888447,3.4393374655846514
6.871853520329356,-4.63471517472519,3.354989649381695
6.840559321491914,-4.539746811262029,3.2732332391853696
6.804460129206199,-4.4464989991966215,3.196965113908836
6.763335958288753,-4.355355720486329,3.126344395345222
6.717037291610086,-4.2667288743114336,3.0588263599567442
6.66547284038679,-4.181058677646338,2.9922174107557185
6.608573187861624,-4.098835231563633,2.9276996681974325
6.546271125072505,-4.020625856154377,2.870949867136879
6.4785975967315,-3.947015154167688,2.821019816551002
6.405644995373349,-3.8786327977013,2.7848922774214997
6.327677256338483,-3.8160288696926106,2.7531077254496745
6.245074898736651,-3.7596811544200714,2.713687623298642
6.1582079618261725,-3.710160103172339,2.6794645836323627
6.067530857550088,-3.668019428617242,2.6549638604234347
5.973606086120139,-3.6337225355621454,2.639074106734347
5.877079421177547,-3.6076322168737467,2.6320739623606726
5.77865772949548,-3.5899902143073907,2.6288962372622016
5.679077337933323,-3.5809462085327017,2.621715977075033
5.579087691477798,-3.580620179778335,2.62117724746748
5.4794508123732895,-3.5890182054152238,2.621177250878092
5.380907299212437,-3.605965691414322,2.6541809775544145
5.28416312769115,-3.63123630218372,2.6541809775544145
5.189915379876701,-3.6646336205988983,2.6670549594571087
5.098816411888672,-3.705852260952672,2.6719492034528054
5.01141393548104,-3.754419714882502,2.7173255048791587
4.928169652237176,-3.8098126688801757,2.756652758466379
4.849517955265318,-3.871553248149527,2.783138204576069
4.775852472077109,-3.9391652743665198,2.805340167173449
4.707506941468266,-4.012150773721984,2.832198206228129
4.644740162404929,-4.089986090122545,2.864132023011209
4.587710695849378,-4.172118077092895,2.9053228241348856
4.536514698243819,-4.2580076225447705,2.949609720212243
4.4912380676352255,-4.347159671949672,2.9895586212585283
4.451861086841804,-4.4390701581119,3.0377169072898167
4.4182772898930915,-4.533252102174568,3.0943591058224293
4.390365089556182,-4.629267941035955,3.1534922982976132
4.367952663547326,-4.726714528420116,3.216677897582521
4.35079114426231,-4.825221688565955,3.287235357835923
4.3385988498390144,-4.92446658497574,3.364009563966259
4.331114949308443,-5.024177225032082,3.4434970838867747
4.328051733031058,-5.12412148739187,3.5268279605701762
4.329053609042217,-5.224107762677962,3.6171955672308402
4.333769360158753,-5.3239878830029275,3.713109031745825
4.341938303809151,-5.423645078977784,3.8098031188617965
4.353385632929176,-5.522979130077247,3.9037453987881
4.367897523223768,-5.621911976890069,3.9977938000802897
4.3850828620482405,-5.720415693583856,4.096619092379881
4.404481737745353,-5.8185075755730695,4.193115945558202
4.425843926466309,-5.916190726085595,4.287441541313658
4.4491380263196305,-6.013431286714076,4.379736137737596
4.474276151652828,-6.110211545602694,4.470125544958912
4.500950059995828,-6.206579869177837,4.558723114203618
4.528724048528934,-6.302636961764485,4.645631368101893
4.557266628469742,-6.398468507392902,4.730943390688999
4.586432819497409,-6.4941121103654496,4.814744020483061
4.616049153041475,-6.589617291720911,4.897110847759462
4.6457848665084756,-6.685085378676507,4.978115043254303
4.6753931360467575,-6.780593067555074,5.057822071960526
4.704850903666129,-6.876147283276903,5.136292323998057
4.734121491530772,-6.971759002274222,5.066744648417668
4.7629421062425426,-7.067507313146148,4.949398534848323
4.790800502819475,-7.1635399699116595,4.8375590318208745
4.817164830417322,-7.2599934498204135,4.737831859686418
4.841813131382369,-7.356899627902819,4.642189066702844
4.864759833960308,-7.454222776488913,4.540643266515519
4.885885879565965,-7.55195728238321,4.438126547886595
4.904821603665165,-7.650139621838228,4.345355083885457
4.921234966410168,-7.748774940633466,4.2629677904047165
4.934963287824269,-7.847819652396433,4.182215981420633
4.945935725215285,-7.947207413365497,4.097170784134593
4.954089167558236,-8.046866038538713,4.006865107863217
4.959258935180358,-8.146723875393807,3.916056245412364
4.961308159017271,-8.2466944117513,3.8226626415041376
4.960269725970316,-8.34668055180473,3.717793589632164
4.956077806262857,-8.4465841503724,3.605256988647608
4.948538535209594,-8.546290965227772,3.4890357036635176
4.9373009755418495,-8.64564883116577,3.3741550668857503
4.921973541506578,-8.744458298859236,3.261711049072718
4.902226423262314,-8.842480058383435,3.1484463718965268
4.8776780465332275,-8.939410732996073,3.0356319736057267
4.8480232603325675,-9.034902807733907,2.9188486212497597
4.812696805177214,-9.128444844546788,2.8091026118918996
4.770975592368201,-9.219314489969051,2.7199365301928644
4.722577724263895,-9.306810200566481,2.6334611092152476
4.667103940020473,-9.38999886932752,2.567054663036579
4.604436204977276,-9.467911049452402,2.5202173496791516
4.534867158237968,-9.539727807533602,2.4667079501652154
4.458575965007284,-9.604358197221861,2.4519318621950217
4.376231550708107,-9.661076113809088,2.438390012605576
4.288593654084647,-9.709213962021398,2.4290643715656084
4.196537888883477,-9.748246526253173,2.405453381202921
4.100934883060448,-9.777537570506588,2.405453381202921
4.002838997958828,-9.796907400767255,2.445639493669114
3.9033135056724175,-9.806539248194031,2.492366256593262
3.8033230038279426,-9.80685401183485,2.5538503761698177
3.7036936132347433,-9.798352985441953,2.619371594984974
3.6050670899407677,-9.781886687688376,2.7085858821398645
3.507869101123026,-9.758415675744196,2.8140571793956544
3.4123214383720035,-9.728937126714905,2.932841372650852
3.3183987908010635,-9.694631349296262,3.066185336546278
3.2258698423195042,-9.656726803591097,3.1939672745745593
3.1342554120667914,-9.61666231012063,3.316830060025812
3.042960705656902,-9.575874516816892,3.435301492513839
2.9513515872526095,-9.535797956304362,3.549821233932101
2.858860936657895,-9.49780017906079,3.6607601466188617
2.765080207150025,-9.463108293076164,3.759331723877818
2.6701623900029,-9.431660549268823,3.8518159505449097
2.5742605856630973,-9.403355102890695,3.941177116886562
2.4775502238266007,-9.377949153914747,4.0354253213723705
2.3801808853015474,-9.355198993919437,4.133351162950133
2.2822608075825728,-9.334950089451013,4.229010076090744
2.1838866792870566,-9.31703662732186,4.322552564252459
2.0851322486178487,-9.301354630588385,4.4141131806941845
1.986062104449683,-9.287809494392347,4.503812799895753
1.8867464399222835,-9.276200723158183,4.591760482149971
1.7872299065328259,-9.266462927602404,4.6780550366542935
1.6875528390514045,-9.25853526130605,4.762786322131138
1.5877620313325387,-9.252198034994624,4.84603633677139
1.4878874220398115,-9.247357760107906,4.927880153608865
1.3879542683071442,-9.243932731078026,5.00838671102927
1.2879841403110455,-9.241849566044722,5.087619491203045
1.187995023644482,-9.241112591192424,5.165637109587603
1.0880043069511394,-9.241585740724348,5.24249381850811
0.9880227336122024,-9.243018488583614,5.318239948082604
0.8880542587043602,-9.245179980515145,5.39292229349069
0.788099584899892,-9.247906018983635,5.4665844532952335
0.6881597976900319,-9.251132019716612,5.5392671273623595
0.5882357592738678,-9.254813704817247,5.611008379601429
0.4883245516643977,-9.258828543991212,5.681843870336278
0.38842159760427597,-9.263043770813958,5.751807063775674
0.28852405280352694,-9.26738530577215,5.820929413036872
0.1886283752027662,-9.271769592463446,5.889240525213724
0.08872818438576294,-9.276049798895363,5.9567683094822375
-0.011184021740853024,-9.280039691511808,6.023539110625574
-0.11111273011984604,-9.283592346661107,6.089577829312047
-0.21105787368865223,-9.28664788901168,6.11935397978657
-0.31101824840981374,-9.289156152203393,6.026511083655291
-0.4109932486515648,-9.29099107816081,5.934914426300666
-0.5109801685106113,-9.291982659948108,5.846432429439648
-0.610972003106234,-9.291998249941537,5.760513469085541
-0.7109584910129333,-9.290964173751465,5.675085328442963
-0.8109271314649414,-9.288810636360438,5.589958918054011
-0.9108615001846487,-9.285421184355638,5.507240211064421
-1.0107399072902779,-9.280659889633522,5.4282564846112935
-1.110536876141021,-9.274420427520019,5.351846181196221
-1.2102238370868965,-9.266618159093245,5.276920795282713
-1.3097671655248073,-9.257158191893513,5.204201156263353
-1.409127161146514,-9.245935174097943,5.134605717753416
-1.508259102276905,-9.232849962671041,5.068056767665774
-1.6071136066905907,-9.217811641375645,5.004281612485833
-1.705636021649197,-9.200732486877474,4.943373826328014
-1.8037658925954256,-9.18152593077877,4.885668080931911
-1.9014370290052898,-9.160108365922921,4.831458077553227
-1.9985783685381453,-9.136403456490035,4.78069953099005
-2.0951145537547284,-9.110343388709431,4.733214906594586
-2.1909668197055523,-9.081870508467642,4.688577674569823
-2.2860528790897066,-9.050935048078058,4.646558357424448
-2.3802861324432967,-9.017491738172929,4.607411211486458
-2.4735757012881963,-8.981499836019532,4.5715743934607875
-2.5658274581729645,-8.942925573301219,4.539333675454505
-2.6569452247998178,-8.901744111820058,4.5107994081438765
-2.7468331377780153,-8.857943163845698,4.485277001133161
-2.835395446045012,-8.811520354249465,4.462315714135349
-2.9225366394016663,-8.76248188126737,4.441563012815713
-3.008160717805618,-8.710840073462645,4.423300210601685
-3.092171468515105,-8.656613210949926,4.408229463660737
-3.1744739382701486,-8.599827102326008,4.397215348705961
-3.2549769491233462,-8.54051754328674,4.390958471644006
-3.33359569176165,-8.47873201251547,4.390420272994525
-3.4102535383895556,-8.414529730295387,4.390420275030769
-3.484880905633898,-8.347978137094321,4.399588598717738
-3.557415159725161,-8.279151249114005,4.4091400624180075
-3.627798380117075,-8.208126176833565,4.420228444885694
-3.6959786692350773,-8.134983802464003,4.433564785447706
-3.761911000570807,-8.059808762362234,4.449473848348565
-3.8255586783429796,-7.982689812947145,4.4684857051824025
-3.88689507364331,-7.903720159526229,4.491186286769948
-3.9459035816066574,-7.82299621119554,4.5176334904269675
-4.002574080663414,-7.740614085322789,4.546964590034296
-4.056901281611896,-7.656668176230807,4.578451977086617
-4.108886834160743,-7.5712523516882255,4.612163520756784
-4.1585449404316215,-7.484462757847479,4.649172241902998
-4.205897995390146,-7.396394320613584,4.68937882345415
-4.250967723092093,-7.307135811483131,4.731457882372622
-4.2937832653156205,-7.216774361746939,4.775717467882012
-4.334395619930753,-7.12540150263875,4.824211365380432
-4.37286945496013,-7.033107802187511,4.8772782705030995
-4.409260843661254,-6.939973327998252,4.932924927415839
-4.443614854948084,-6.846068239164848,4.989557662871079
-4.475981929029866,-6.751459905805133,5.047499210409488
-4.506435854548169,-6.656218511692774,5.108612465874202
-4.535081466630665,-6.56041770750765,5.1748145597694455
-4.562022748679466,-6.464123716124667,5.2451188606836086
-4.587331003720955,-6.367387694202751,5.316795116552958
-4.61107387753811,-6.27025560898897,5.389519802513917
-4.633340739333474,-6.172774568427535,5.463227832989116
-4.654240951212139,-6.0749914006806724,5.53595457193487
-4.673890318292202,-5.976949218956255,5.607738198312845
-4.6923914929048385,-5.878683895305587,5.678614478014841
-4.709861566392662,-5.780230027502066,5.748616971879444
-4.726429505396017,-5.681620336561633,5.817777221303974
-4.74220706851288,-5.582881102231683,5.886124914561214
-4.757285730289006,-5.4840327234940585,5.953688035827483
-4.771757540447921,-5.385093677369306,6.0204929989815765
-4.785725990894224,-5.2860823110870605,6.086564768287717
-4.799336147625428,-5.1870210574477955,6.151926967174757
-4.812726759996116,-5.0879298879397465,6.216601977105738
-4.826010262594216,-4.988824303116859,6.280611027158663
-4.839266424271172,-4.88971505754855,6.343974275403834
-4.852599637307066,-4.790616148509108,6.40671088297496
-4.866146538013185,-4.691546224915202,6.468839081825489
-4.880031682289829,-4.592523142287116,6.530376236395546
-4.894450158936175,-4.493576309647951,6.591338901356955
-4.909368482005097,-4.394703604800614,6.651742871981671
-4.924820529224664,-4.295912904751453,6.711603233168293
-4.94074784925178,-4.197197714887633,6.770934402734681
-4.957081322325168,-4.0985489140750255,6.829750172096296
-4.973803390667246,-3.999965240504222,6.888063743982099
-4.990885388014162,-3.901443295558326,6.945887766820683
-5.008321685551383,-3.8029834366921884,7.00323436690479
-5.026098144268313,-3.7045844233487957,7.060115178068445
-5.044160747266666,-3.6062375336166177,7.1165413691492505
-5.062430249446663,-3.5079288683735745,7.172523669603413
-5.080822739956487,-3.4096431386037467,7.228072393363288
-5.099257067851467,-3.3113652471951913,7.283197461034828
-5.117713327934776,-3.213091472224196,7.337908420598765
-5.136214786020575,-3.1148261964260713,7.392214466693397
-5.154800782873145,-3.016576875292603,7.446124458684289
-5.173445120772667,-2.918338608566554,7.499646937486858
-5.192094101143519,-2.8201012230505698,7.552790141369556
-5.210681104707133,-2.721852092408129,7.60556202077437
-5.229149236508894,-2.6235805478130496,7.657970252224611
-5.247478206569761,-2.5252829526231264,7.710022251319329
-5.265643704960712,-2.4269550164521903,7.761725185016139
-5.283644093558275,-2.328596720500585,7.7568777509054545
-5.301516352772523,-2.2302150620364998,7.679813287848363
-5.319257129514758,-2.131809608891403,7.601975311729513
-5.336850126334727,-2.0333776282266927,7.523479480648552
-5.354244413255243,-1.934910338621656,7.4447832609220095
-5.371394101553351,-1.8364001537097066,7.3659285683511815
-5.388298597562475,-1.7378475973943637,7.286136237772169
-5.404959985679191,-1.6392536499085728,7.205331395064134
-5.421357628083262,-1.5406154948206854,7.12386660356108
-5.437442259473359,-1.4419258150224115,7.042271436234192
-5.453112804677329,-1.3431695381236153,6.9619047122537605
-5.468282830182058,-1.244335138792755,6.882827728220585
-5.482880052309206,-1.145414518026712,6.804873955429899
-5.496829064398162,-1.0464004123775932,6.728374413008867
-5.510073063691679,-0.9472895426863958,6.652730305572962
-5.522567317038693,-0.8480813697737544,6.577454885718593
-5.534250893568394,-0.7487744622661524,6.503321540618688
-5.545035920041796,-0.64936595689059,6.4318536754828415
-5.554830967644082,-0.5498550293510513,6.363651385864589
-5.563557442425725,-0.4502447072037292,6.298327644821525
-5.571181016683866,-0.3505439109938291,6.233065890990232
-5.577693060318304,-0.250764349485597,6.16607493015176
-5.5830606846842725,-0.15091668490748206,6.098857523873863
-5.58722564620805,-0.05101162763605437,6.033052532696138
-5.590102339024619,0.04893881940473998,5.970763817639258
-5.591597119424377,0.14891948143504924,5.913178754489657
-5.591651042240762,0.24891130218467414,5.857843673807035
-5.590231039150746,0.34889305391831316,5.802506703374131
-5.587299707269942,0.4488419125068822,5.747517252935237
-5.582820842669409,0.5487333873672237,5.69273308751721
-5.57675857957365,0.6485412821182557,5.638084390741273
-5.569061743850957,0.7482364450665719,5.585031525331247
-5.55967104015497,0.8477863390557343,5.534581311363725
-5.548525581119812,0.9471550734815515,5.487298654995003
-5.535572578379186,1.0463043867904773,5.442736372420317
-5.52078550531907,1.1451967982840812,5.397957831117087
-5.504144754410478,1.2437942217093185,5.352094394587724
-5.485608436315827,1.342052917494433,5.307836386166882
-5.465122965561497,1.439923810955315,5.267096696966782
-5.442644433636796,1.5373562585892546,5.229288706593535
-5.418144427025609,1.6343001387179186,5.19263992024379
-5.391603221554083,1.7307051727382217,5.156041689394027
-5.362995389784094,1.826517270471065,5.120585458498705
-5.332288596142904,1.9216774453774566,5.08793421675997
-5.299458282702267,2.016126037492933,5.057544698276841
-5.264490641180215,2.109804370302208,5.028008161709986
-5.227372242798219,2.202651505090226,4.999740844170216
-5.188088347859492,2.294603348382757,4.973769457371989
-5.146629208734216,2.3855951371784716,4.9500052146692735
-5.1029912011966765,2.4755622984482426,4.927986054942895
-5.057174246961156,2.5644395873519654,4.907833854985678
-5.009181707897258,2.6521612035655577,4.88981747777301
-4.959021547282762,2.7386616314863246,4.873943176823714
-4.9067064074935365,2.823876019254397,4.860180819867934
-4.852253306029862,2.907740346991993,4.8486314563174755
-4.795683879848961,2.990191943338188,4.83930761204264
-4.73702461413634,3.071170065432356,4.831912202079145
-4.676306301048842,3.1506159725933447,4.826034583781522
-4.613563170704757,3.2284726698613224,4.821483368103015
-4.548832397578696,3.3046848260165222,4.8183563871326385
-4.482154078613762,3.3791990364204425,4.817000453658411
-4.413571564848257,3.4519644445906814,4.81700045551433
-4.343131619296353,3.522933310598037,4.820927487120627
-4.2708845929958,3.5920616919376083,4.825646548514714
-4.196884417744472,3.6593100377148216,4.833776437608059
-4.121188262979336,3.724643475705476,4.8444369198985
-4.043856105335936,3.7880319870812005,4.857676202062291
-3.9649502101869105,3.8494504347381397,4.8734211077578244
-3.8845347797755783,3.9088787494906905,4.891670900889026
-3.802675848877094,3.966302451396799,4.912566117656875
-3.7194409251532528,4.021712862616152,4.936195134056402
-3.6348983827310914,4.075106914982808,4.962529303466915
-3.549116539608068,4.126486305947758,4.991353694630567
-3.4621627252135707,4.175856344512965,5.022315351657461
-3.3741026761609914,4.223225051720127,5.055044329815912
-3.2850001193203573,4.26860237132175,5.089177265803259
-3.1949167933589937,4.3120000815383674,5.12447222335816
-3.103912674915387,4.353432163101553,5.160840384389433
-3.0120461454902867,4.392915169651434,5.198297376536093
-2.919374218369364,4.430468878248033,5.236975787086999
-2.825952522168542,4.4661165128215305,5.277026267883024
-2.7318351571751336,4.499884675982172,5.318569597157248
-2.637074666312211,4.531803583768444,5.361744996540443
-2.541721998263067,4.561907338814707,5.406707967416213
-2.4458264659791866,4.590234257665265,5.453629654776474
-2.349435630124265,4.616827006291696,5.502667551737575
-2.252595151277,4.641732612991348,5.553953300026124
-2.1553485388461713,4.665001992644268,5.607548971412146
-2.0577368871571755,4.686689158922676,5.663436576310762
-1.9597987052838242,4.706850516105393,5.721546729235612
-1.861569812994838,4.725544166762949,5.781773086284068
-1.7630833864389814,4.742829759038966,5.844022540892502
-1.6643700948342413,4.758768831610323,5.908246184929377
-1.5654581091015556,4.7734244484881305,5.974377244279995
-1.4663730769151513,4.78686038810608,6.0409534162563405
-1.3671381520569426,4.79914036406143,6.106803820294134
-1.2677740509567694,4.810327122889606,6.171951686728998
-1.1682991628113752,4.820481669842651,6.236419032463128
-1.0687297105696087,4.829662759431503,6.300226747890586
-0.9690799207643989,4.837926393240654,6.363394675976914
-0.8693622083114955,4.845325453815896,6.425941684341528
-0.7695873696658487,4.851909515334804,6.48788573108446
-0.6697647411062178,4.857724249689275,6.549243925009465
-0.5699023731062116,4.86281107366637,6.610032580815354
-0.4700072335014026,4.867207596664011,6.67026726975938
-0.37008540161754433,4.870948699823182,6.729962866238987
-0.2701422380380768,4.8740683794735675,6.789133590686583
-0.1701824895945602,4.876601568179038,6.847793049127781
-0.07021031773563852,4.878584801246362,6.905954269715652
0.029770697491794302,4.880056181119297,6.96362973651866
0.12975754222653357,4.881055805639086,7.020831420809937
0.22974775629802283,4.881626299464606,7.077570810080274
0.329739423143129,4.881813217565363,7.133858934974219
0.4297311559864439,4.881665763255886,7.189706394327962
0.5297220763884051,4.88123655562272,7.245123378470441
0.629711767157419,4.880580717620246,7.300119690932423
0.7297001955855855,4.879754542730179,7.354704768694407
0.8296876092297367,4.878813533862712,7.40888770109193
0.9296744303777804,4.8778115449535475,7.46267724748508
1.0296611690392092,4.876801358397158,7.516081853789926
1.1296483395720274,4.8758348627764425,7.569109667960002
1.2296363762237152,4.87496256038131,7.621768554498378
